channel,count,mean,median,p75,p95,p99,std
OVERALL,8735,0.9383752598241185,0.8368468284606934,1.17923104763031,2.0034034967422483,3.303660774230956,0.7724667616429455
EXTERNAL,4401,0.8798358679305313,0.7901880741119385,1.111835241317749,1.8896980285644531,3.2151670455932617,0.7313566297236257
INTERNAL,4334,0.9978196215508554,0.8869935274124146,1.257945954799652,2.0897097945213305,3.4326116394996675,0.8078402333586456
