{
  "source": "EventBridge",
  "matched_pairs": 62,
  "latency_ms": {
    "median": 1569.987416267395,
    "mean": 1935.5470249729772,
    "p95": 3457.4739933013916,
    "p99": 10020.321369171143,
    "min": 874.4029998779297,
    "max": 10020.321369171143,
    "n": 62
  },
  "mean_similarity": 0.872,
  "confidence": {
    "deepgram": {
      "median": 0.981933595,
      "mean": 0.9529681464516129,
      "min": 0.55810547,
      "max": 1.0,
      "std": 0.07780268894125295,
      "n": 62
    },
    "genesys_r2d2": {
      "median": 0.8094166666666667,
      "mean": 0.7943552403155151,
      "min": 0.5953333333333334,
      "max": 0.9554285714285715,
      "std": 0.09103976301102495,
      "n": 62
    }
  }
}