{
  "source": "Notifications",
  "matched_pairs": 61,
  "latency_ms": {
    "median": 1369.4798946380615,
    "mean": 1743.6818294837826,
    "p95": 3301.0642528533936,
    "p99": 9757.01928138733,
    "min": 763.948917388916,
    "max": 9757.01928138733,
    "n": 61
  },
  "mean_similarity": 0.873,
  "confidence": {
    "deepgram": {
      "median": 0.98291016,
      "mean": 0.952989588852459,
      "min": 0.55810547,
      "max": 1.0,
      "std": 0.07844818076506765,
      "n": 61
    },
    "genesys_r2d2": {
      "median": 0.807,
      "mean": 0.7934402988999224,
      "min": 0.5953333333333334,
      "max": 0.9554285714285715,
      "std": 0.09150742828668217,
      "n": 61
    }
  }
}